{"achievement.openInventory":58,"stat.useItem.97":284,"stat.useItem.3":46,"stat.useItem.65":45,"achievement.exploreAllBiomes":{"value":0,"progress":["Ice Plains","FrozenRiver","Ice Mountains","Swampland","River"]},"stat.useItem.50":148,"stat.useItem.24":13,"stat.useItem.259":1,"stat.useItem.323":9,"stat.useItem.355":10,"stat.flyOneCm":400621,"stat.useItem.69":1,"stat.climbOneCm":28654,"stat.useItem.133":9,"stat.useItem.87":1,"stat.drop":4,"stat.useItem.70":4,"stat.useItem.76":8,"stat.leaveGame":5,"stat.diveOneCm":18696,"stat.useItem.330":4,"stat.useItem.129":69,"stat.useItem.54":3,"stat.playOneMinute":478602,"stat.useItem.109":23,"stat.jump":777,"stat.useItem.1":255,"stat.swimOneCm":11527,"stat.useItem.20":315,"stat.useItem.331":31,"stat.useItem.12":36,"stat.useItem.98":2022,"stat.walkOneCm":1083887,"stat.useItem.77":3,"stat.minecartOneCm":13199,"stat.useItem.44":46,"stat.useItem.101":62}