{"stat.useItem.139":33,"stat.useItem.66":8,"stat.useItem.130":2,"stat.mineBlock.69":1,"stat.useItem.381":6,"stat.useItem.3":217,"stat.useItem.65":10,"achievement.exploreAllBiomes":{"value":0,"progress":["Forest","Ocean","Extreme Hills","Beach","Plains","Ice Plains","FrozenRiver","Ice Mountains","River","Swampland","Hell"]},"stat.useItem.324":3,"stat.useItem.2257":2,"stat.useItem.25":2,"stat.useItem.420":5,"stat.useItem.30":10,"stat.useItem.2262":1,"stat.mineBlock.76":5,"achievement.openInventory":295,"stat.damageDealt":185,"stat.useItem.19":1,"stat.useItem.96":1,"stat.useItem.50":108,"stat.useItem.323":71,"stat.fallOneCm":28743,"stat.flyOneCm":1208111,"stat.useItem.78":141,"stat.useItem.160":11,"stat.useItem.95":16,"stat.useItem.2256":1,"stat.useItem.38":1,"stat.useItem.133":14,"stat.damageTaken":126040,"stat.useItem.355":2,"stat.useItem.86":38,"stat.useItem.354":2,"stat.useItem.69":2,"stat.pigOneCm":86201,"stat.useItem.2260":1,"stat.climbOneCm":209337,"stat.drop":93,"stat.mineBlock.38":1,"stat.useItem.120":31,"stat.useItem.29":3,"stat.useItem.356":4,"stat.useItem.2266":1,"stat.useItem.159":5,"stat.mineBlock.20":1,"stat.useItem.328":13,"stat.useItem.84":1,"stat.useItem.2267":2,"stat.useItem.129":6,"stat.playOneMinute":912974,"stat.useItem.123":1,"stat.killEntity.Pig":1,"stat.useItem.70":29,"stat.useItem.76":32,"stat.diveOneCm":188374,"stat.useItem.131":8,"stat.useItem.330":6,"stat.useItem.287":16,"stat.useItem.54":8,"stat.useItem.109":12,"stat.mineBlock.77":1,"stat.useItem.85":4,"stat.useItem.80":68,"stat.useItem.383":2,"stat.useItem.107":1,"stat.deaths":12,"stat.useItem.58":1,"stat.swimOneCm":95929,"stat.useItem.42":23,"stat.mobKills":2,"stat.useItem.389":12,"stat.useItem.98":1777,"stat.walkOneCm":2138908,"stat.useItem.77":1,"stat.useItem.35":5,"stat.minecartOneCm":191160,"stat.useItem.44":1,"stat.useItem.27":2,"stat.jump":2851,"stat.useItem.1":155,"stat.mineBlock.50":11,"stat.useItem.20":68,"stat.useItem.331":62,"stat.useItem.13":5,"stat.useItem.12":1,"stat.useItem.138":14,"stat.useItem.102":31,"stat.useItem.2259":6,"stat.useItem.101":63}