{"stat.useItem.355":13,"stat.pigOneCm":590,"stat.useItem.2257":7,"stat.useItem.2259":1,"stat.useItem.69":16,"stat.useItem.77":1,"stat.useItem.78":1,"stat.jump":706,"stat.swimOneCm":24136,"stat.fallOneCm":16493,"stat.climbOneCm":13041,"achievement.exploreAllBiomes":{"value":0,"progress":["Roofed Forest","Birch Forest","Plains","Extreme Hills Edge","FrozenRiver","FrozenOcean","Extreme Hills+","Ice Plains","River","Ocean","Forest","Extreme Hills","Swampland","Ice Mountains","Hell"]},"stat.mineBlock.69":2,"stat.useItem.331":1,"stat.useItem.330":10,"stat.damageTaken":10150,"stat.useItem.49":134,"stat.useItem.54":3,"stat.flyOneCm":667823,"stat.useItem.102":1,"stat.useItem.50":102,"stat.damageDealt":10,"stat.useItem.20":37,"stat.walkOneCm":437093,"stat.useItem.24":3,"stat.useItem.160":36,"stat.minecartOneCm":23413,"stat.useItem.287":2,"stat.useItem.323":21,"stat.useItem.35":61,"stat.useItem.87":6,"stat.useItem.84":2,"stat.useItem.85":4,"achievement.openInventory":90,"stat.useItem.259":2,"stat.useItem.12":48,"stat.deaths":6,"stat.drop":59,"stat.useItem.420":9,"stat.useItem.95":93,"stat.useItem.147":3,"stat.playOneMinute":138918,"stat.useItem.1":57,"stat.useItem.5":1,"stat.useItem.3":2,"stat.useItem.2266":3,"stat.useItem.2267":7,"stat.diveOneCm":15186}